cust_id,first_name,last_name,email
e1716f232,Mark,Camacho,Mark.Camacho@yahoo.com
425b3d659,Desiree,Young,Desiree.Young@hotmail.com
ade583774,Charles,Hendrix,Charles.Hendrix@hotmail.com
82925e726,Heather,Ruiz,Heather.Ruiz@yahoo.com
c84a28727,Megan,Mosley,Megan.Mosley@gmail.com
e43df8501,Kayla,Mitchell,Kayla.Mitchell@yahoo.com
074d5b095,Jason,Chen,Jason.Chen@hotmail.com
d5809d096,April,Flores,April.Flores@gmail.com
63a6d5802,Matthew,Campbell,Matthew.Campbell@yahoo.com
498a37259,Brian,Edwards,Brian.Edwards@hotmail.com
d1190b109,Elizabeth,Hardy,Elizabeth.Hardy@hotmail.com
0ee3fd055,John,Gutierrez,John.Gutierrez@hotmail.com
a68b51330,Justin,Miller,Justin.Miller@gmail.com
79bfb7994,Veronica,Lopez,Veronica.Lopez@yahoo.com
e90ab4989,Samuel,Garcia,Samuel.Garcia@gmail.com
25cb0c487,Robert,Tran,Robert.Tran@gmail.com
886add891,Sarah,Johnson,Sarah.Johnson@hotmail.com
0762c7944,Joshua,Vasquez,Joshua.Vasquez@hotmail.com
ca580c445,Holly,Johnson,Holly.Johnson@yahoo.com
21b3be944,Valerie,Holland,Valerie.Holland@yahoo.com
1fae11080,Loretta,Rios,Loretta.Rios@gmail.com
0f065b407,Andrew,Townsend,Andrew.Townsend@hotmail.com
826743333,Julie,Vang,Julie.Vang@hotmail.com
d43558458,Roger,Gonzalez,Roger.Gonzalez@yahoo.com
e41387449,Carl,Aguirre,Carl.Aguirre@hotmail.com
95f67f330,Brian,Larsen,Brian.Larsen@yahoo.com
db68e5831,Daniel,Stevens,Daniel.Stevens@hotmail.com
3ac6ca049,Deanna,James,Deanna.James@hotmail.com
a2d5df878,Frank,Bell,Frank.Bell@yahoo.com
c75722505,Cassandra,Hayes,Cassandra.Hayes@yahoo.com
52fbe7531,Cynthia,Smith,Cynthia.Smith@gmail.com
a38fd7753,Nancy,Lewis,Nancy.Lewis@yahoo.com
46b09d479,Lauren,Henderson,Lauren.Henderson@hotmail.com
a976c0210,Adam,Jones,Adam.Jones@hotmail.com
3ffbfb853,William,Cooper,William.Cooper@hotmail.com
028b35993,Brian,Sims,Brian.Sims@hotmail.com
5a62f0145,Douglas,Zimmerman,Douglas.Zimmerman@yahoo.com
af75c8767,Patricia,Thomas,Patricia.Thomas@gmail.com
b9d397385,Timothy,Reyes,Timothy.Reyes@yahoo.com
44e869729,Jamie,Davidson,Jamie.Davidson@hotmail.com
34e649642,Matthew,Walker,Matthew.Walker@yahoo.com
57560c923,Marissa,Leon,Marissa.Leon@gmail.com
26e896390,Natalie,Garner,Natalie.Garner@hotmail.com
22f4e8673,Marie,Miller,Marie.Miller@gmail.com
9a60ef977,Anthony,Smith,Anthony.Smith@yahoo.com
a0cf61047,Derek,Daniel,Derek.Daniel@hotmail.com
8a61f8468,James,Kaufman,James.Kaufman@yahoo.com
8e174d530,Jasmine,Castillo,Jasmine.Castillo@gmail.com
5f0f04291,Matthew,Nixon,Matthew.Nixon@gmail.com
0df9a3744,Edward,Huynh,Edward.Huynh@yahoo.com
1b018f421,Richard,Riley,Richard.Riley@gmail.com
e8171c529,Sarah,Stephens,Sarah.Stephens@gmail.com
b0681f983,Anthony,Carter,Anthony.Carter@gmail.com
516041677,Melissa,Davis,Melissa.Davis@hotmail.com
287880687,Emma,Perez,Emma.Perez@yahoo.com
2fc5f4518,Steven,Robertson,Steven.Robertson@gmail.com
3b312b816,Melissa,Allen,Melissa.Allen@yahoo.com
09ff75760,Brian,Green,Brian.Green@hotmail.com
f8a0f8421,Richard,Sharp,Richard.Sharp@hotmail.com
aabb15334,Donna,Jones,Donna.Jones@hotmail.com
f17148638,Noah,Vincent,Noah.Vincent@gmail.com
8b84d1588,Lisa,Le,Lisa.Le@yahoo.com
3ac2f1109,Benjamin,Brady,Benjamin.Brady@hotmail.com
3c5cac945,Richard,Zamora,Richard.Zamora@gmail.com
e921f2427,Melissa,Garcia,Melissa.Garcia@yahoo.com
998f79317,Yolanda,Larsen,Yolanda.Larsen@hotmail.com
81fbda502,Jacob,Dudley,Jacob.Dudley@hotmail.com
c47e28115,William,Ross,William.Ross@yahoo.com
aa22f7793,Elizabeth,Green,Elizabeth.Green@yahoo.com
a44e0f308,Ariana,Santos,Ariana.Santos@yahoo.com
e983ad844,Joshua,Edwards,Joshua.Edwards@gmail.com
f97f7d573,Jill,Castro,Jill.Castro@hotmail.com
b736cc340,Kevin,Mccarthy,Kevin.Mccarthy@yahoo.com
48e52d522,Richard,Salazar,Richard.Salazar@hotmail.com
4a5f9a939,Joanne,Smith,Joanne.Smith@hotmail.com
337bb2537,Timothy,Lin,Timothy.Lin@hotmail.com
30d83b674,Kimberly,Gallegos,Kimberly.Gallegos@gmail.com
253ba1582,Russell,Riddle,Russell.Riddle@yahoo.com
32ce7e652,Gregory,Morris,Gregory.Morris@gmail.com
c7a229228,Alec,Faulkner,Alec.Faulkner@hotmail.com
d87832366,Keith,Lewis,Keith.Lewis@yahoo.com
d918a6548,Holly,Mosley,Holly.Mosley@gmail.com
dc6971193,Nicole,Hatfield,Nicole.Hatfield@hotmail.com
13efd8440,Tony,Greene,Tony.Greene@yahoo.com
025b3e383,Sarah,Baker,Sarah.Baker@gmail.com
9f689f491,Jeff,Whitney,Jeff.Whitney@yahoo.com
49dca9774,Leslie,Rodriguez,Leslie.Rodriguez@yahoo.com
02e684158,Marissa,Stark,Marissa.Stark@gmail.com
0fc42f153,Ralph,Anderson,Ralph.Anderson@hotmail.com
732c3a644,Ryan,Mcclure,Ryan.Mcclure@gmail.com
82d31d058,Kevin,Hodges,Kevin.Hodges@gmail.com
2ac4c4635,Douglas,West,Douglas.West@yahoo.com
0eda9b659,Michael,Campbell,Michael.Campbell@yahoo.com
c619dd522,Nathan,Shannon,Nathan.Shannon@hotmail.com
56da21929,Denise,Hall,Denise.Hall@yahoo.com
4239d2400,William,Powers,William.Powers@yahoo.com
a5de49871,Lisa,Johnson,Lisa.Johnson@hotmail.com
ecee04706,Phillip,Carter,Phillip.Carter@yahoo.com
5327c1367,Heidi,Martinez,Heidi.Martinez@yahoo.com
8c7004468,Jon,Hoover,Jon.Hoover@yahoo.com
